Date,ins_conf,ind_conf,ins_val,ind_val,ins_crash,ind_crash
2021-02-01,62.12,75.0,42.7,29.51,34.83,25.37
2021-01-01,61.9,73.17,43.82,28.78,26.09,22.08
2020-12-01,61.54,69.17,44.68,31.47,25.77,19.38
2020-11-01,62.86,70.68,41.84,33.77,23.53,16.48
2020-10-01,67.61,70.71,46.39,34.16,25.0,13.59
2020-09-01,69.86,70.07,45.92,37.87,24.0,15.34
2020-08-01,72.86,73.05,50.0,42.24,28.87,12.99
2020-07-01,80.95,73.61,54.72,45.86,40.37,16.76
2020-06-01,79.59,75.89,56.3,49.68,39.68,21.3
2020-05-01,81.9,74.05,62.99,47.1,44.36,23.64
2020-04-01,80.99,75.0,64.38,51.53,49.34,26.14
2020-03-01,81.42,70.94,65.41,47.92,51.08,26.58
2020-02-01,79.34,65.0,64.75,48.98,48.61,30.67
2020-01-01,72.17,64.35,62.6,47.02,42.75,30.25
2019-12-01,72.22,62.16,64.23,47.52,48.03,30.26
2019-11-01,70.09,63.96,61.6,49.25,43.85,31.97
2019-10-01,66.33,59.79,59.13,44.92,34.71,37.5
2019-09-01,68.0,63.72,59.83,48.48,35.48,37.93
2019-08-01,69.52,70.08,63.93,52.11,36.43,37.97
2019-07-01,72.0,68.22,66.67,53.28,36.22,36.48
2019-06-01,75.59,72.62,71.71,50.56,36.54,32.21
2019-05-01,73.44,69.35,69.08,51.3,33.12,30.49
2019-04-01,75.61,68.37,71.33,50.0,35.86,28.76
2019-03-01,74.63,67.34,66.88,48.08,34.81,27.12
2019-02-01,75.0,65.27,63.83,46.63,35.92,25.87
2019-01-01,74.8,68.15,65.07,47.93,38.26,27.13
2018-12-01,70.1,64.23,57.02,54.48,32.76,29.25
2018-11-01,77.0,66.96,60.83,55.2,40.5,32.37
2018-10-01,79.25,71.03,61.24,59.32,42.75,33.08
2018-09-01,75.61,72.73,63.27,57.14,43.71,31.58
2018-08-01,72.73,69.18,61.4,51.1,39.08,29.69
2018-07-01,72.31,63.43,60.51,45.5,37.97,28.71
2018-06-01,72.67,68.09,55.62,43.46,36.11,28.31
2018-05-01,68.42,66.67,55.43,42.67,34.64,25.55
2018-04-01,63.23,64.1,51.98,38.67,31.84,26.2
2018-03-01,62.81,63.19,49.64,36.07,28.78,27.03
2018-02-01,65.52,66.0,51.94,40.24,31.54,27.01
2018-01-01,65.89,71.13,48.61,43.75,31.03,26.95
2017-12-01,65.14,61.27,52.42,41.77,33.87,28.31
2017-11-01,69.92,60.61,48.57,39.86,37.41,29.94
2017-10-01,71.32,64.12,46.41,40.4,36.77,32.48
2017-09-01,74.17,63.76,49.4,41.62,37.43,33.15
2017-08-01,72.85,59.75,45.66,36.52,36.36,34.95
2017-07-01,74.4,60.12,48.4,37.19,38.22,33.49
2017-06-01,77.37,62.5,48.39,37.77,37.39,33.33
2017-05-01,76.16,61.31,48.22,37.56,34.8,35.07
2017-04-01,79.61,60.69,48.88,40.2,33.15,30.45
2017-03-01,76.97,61.54,48.62,38.46,32.24,29.68
2017-02-01,75.33,64.43,49.15,41.99,32.78,26.73
2017-01-01,74.02,62.79,47.1,43.51,30.57,29.07
2016-12-01,68.13,64.71,45.45,41.84,26.61,27.5
2016-11-01,70.71,65.49,50.0,45.12,25.41,29.57
2016-10-01,70.37,66.67,50.39,46.39,27.82,31.75
2016-09-01,69.16,66.45,47.33,49.44,30.37,32.68
2016-08-01,74.55,67.3,51.11,50.27,32.86,34.6
2016-07-01,76.42,69.4,56.46,51.66,33.55,33.61
2016-06-01,75.0,68.22,56.22,50.41,33.49,31.88
2016-05-01,75.16,71.18,57.14,50.79,34.92,29.95
2016-04-01,74.32,69.75,61.49,50.0,36.11,32.04
2016-03-01,76.47,69.12,64.33,50.65,35.58,30.0
2016-02-01,74.82,67.86,64.42,48.43,34.52,28.57
2016-01-01,73.81,67.15,62.42,48.37,34.64,25.29
2015-12-01,73.21,70.69,64.39,48.92,40.0,27.03
2015-11-01,71.54,72.03,61.07,46.82,37.66,32.09
2015-10-01,73.65,74.23,59.66,48.15,35.87,29.06
2015-09-01,72.3,76.05,58.52,47.96,35.52,30.62
2015-08-01,72.29,75.29,57.21,49.49,34.3,31.46
2015-07-01,72.0,77.47,56.54,49.02,36.2,34.7
2015-06-01,72.79,75.44,57.14,49.73,34.04,36.63
2015-05-01,73.42,75.14,59.79,49.21,34.67,35.61
2015-04-01,68.84,72.63,57.71,48.22,35.2,37.44
2015-03-01,69.85,71.93,58.38,47.85,34.83,37.31
2015-02-01,72.48,71.43,61.48,47.31,35.46,37.37
2015-01-01,70.18,68.84,63.77,47.47,30.28,38.82
2014-12-01,69.12,67.74,63.35,46.33,28.14,35.94
2014-11-01,71.43,63.82,62.67,46.07,27.56,31.75
2014-10-01,77.87,61.94,63.27,45.1,29.61,31.33
2014-09-01,82.17,64.97,65.05,47.46,33.51,34.2
2014-08-01,81.87,70.49,66.2,47.8,34.25,34.22
2014-07-01,85.99,71.18,65.96,45.99,36.13,32.52
2014-06-01,90.32,71.35,65.08,49.0,40.63,35.29
2014-05-01,88.96,74.57,66.12,50.82,41.08,38.92
2014-04-01,87.5,75.69,66.49,48.95,41.03,37.74
2014-03-01,81.76,74.19,67.03,47.72,37.7,36.57
2014-02-01,77.17,68.99,63.29,46.55,37.27,37.7
2014-01-01,75.17,68.51,64.13,50.75,38.5,37.61
2013-12-01,77.91,73.3,68.47,51.0,37.5,36.99
2013-11-01,77.42,74.37,68.02,52.91,37.5,36.48
2013-10-01,76.43,72.55,69.7,55.32,36.95,36.11
2013-09-01,78.01,72.16,67.98,55.67,38.25,35.45
2013-08-01,79.71,75.58,69.66,59.16,40.88,37.2
2013-07-01,79.26,76.8,66.47,58.13,38.98,35.14
2013-06-01,76.42,71.51,62.75,61.11,34.42,33.18
2013-05-01,77.14,68.67,64.71,60.99,35.8,29.0
2013-04-01,75.37,71.79,66.45,63.86,33.75,27.27
2013-03-01,74.03,71.02,65.75,62.3,32.8,25.35
2013-02-01,74.19,70.95,66.48,61.54,30.65,22.12
2013-01-01,77.11,70.59,70.74,59.78,28.72,24.02
2012-12-01,75.0,75.15,72.16,59.12,31.34,23.67
2012-11-01,76.22,76.82,71.58,62.35,29.59,25.79
2012-10-01,79.44,78.29,72.9,61.85,28.7,26.53
2012-09-01,82.26,79.88,77.98,66.84,31.98,28.91
2012-08-01,82.38,78.53,78.32,68.81,30.13,29.78
2012-07-01,81.82,79.68,78.86,69.77,32.26,30.67
2012-06-01,83.26,79.71,80.08,70.51,31.58,32.28
2012-05-01,82.72,78.82,81.53,71.09,29.12,29.6
2012-04-01,81.55,78.72,81.4,71.69,29.75,29.11
2012-03-01,79.8,78.6,81.09,71.53,26.38,27.24
2012-02-01,78.97,77.54,80.88,71.48,24.5,24.75
2012-01-01,80.09,75.66,82.73,71.26,22.8,20.98
2011-12-01,77.2,73.6,82.7,70.09,22.03,18.43
2011-11-01,76.79,75.9,80.09,69.11,24.17,16.91
2011-10-01,76.84,75.45,79.09,69.27,24.89,17.22
2011-09-01,77.89,73.17,75.66,63.87,26.84,21.18
2011-08-01,80.89,74.59,74.82,61.75,33.57,25.54
2011-07-01,80.57,78.4,73.05,64.58,35.48,27.97
2011-06-01,81.75,79.13,72.22,64.75,36.19,28.37
2011-05-01,81.62,77.27,73.21,63.44,36.86,28.86
2011-04-01,82.88,76.11,73.04,63.92,35.43,27.9
2011-03-01,81.43,79.08,73.54,66.8,34.93,27.97
2011-02-01,80.58,80.95,73.84,67.86,33.47,28.05
2011-01-01,78.47,78.52,75.29,69.06,33.52,25.95
2010-12-01,77.5,77.46,74.74,67.58,32.84,25.73
2010-11-01,76.47,76.0,72.25,68.69,31.63,26.67
2010-10-01,72.86,77.53,72.25,67.68,33.52,28.83
2010-09-01,73.68,76.77,66.39,67.21,33.06,28.28
2010-08-01,75.0,76.57,69.66,67.96,36.0,27.88
2010-07-01,75.44,76.22,63.49,63.87,33.83,30.92
2010-06-01,76.67,77.84,59.38,65.64,34.07,33.49
2010-05-01,76.92,78.79,60.74,65.43,37.5,34.13
2010-04-01,77.92,76.63,62.11,62.38,36.84,32.0
2010-03-01,77.36,76.59,65.7,63.35,35.71,29.84
2010-02-01,77.09,77.58,66.67,64.94,32.55,32.06
2010-01-01,75.0,79.13,64.65,66.95,33.33,31.87
2009-12-01,75.14,79.05,70.23,67.91,31.98,31.56
2009-11-01,76.6,78.08,73.16,67.82,30.96,29.73
2009-10-01,76.36,79.59,74.23,71.72,29.37,31.41
2009-09-01,76.14,79.38,75.11,72.54,29.36,33.03
2009-08-01,75.32,76.63,75.14,74.33,29.35,28.1
2009-07-01,79.52,72.84,80.11,77.25,27.6,25.0
2009-06-01,79.52,73.94,79.89,76.92,26.4,22.07
2009-05-01,80.34,75.0,81.43,81.82,22.92,18.67
2009-04-01,80.95,72.16,82.81,79.35,20.94,14.57
2009-03-01,81.62,74.17,82.29,77.25,18.55,15.38
2009-02-01,81.4,75.24,80.85,75.56,18.02,15.9
2009-01-01,81.61,75.45,81.46,72.93,18.15,18.22
2008-12-01,81.25,73.18,80.65,70.56,20.58,17.72
2008-11-01,80.66,72.98,79.65,69.92,23.48,20.69
2008-10-01,81.59,75.82,78.41,68.54,29.05,24.75
2008-09-01,80.74,74.24,77.74,66.36,35.23,25.82
2008-08-01,80.45,74.49,78.86,67.91,34.84,25.99
2008-07-01,79.28,75.18,76.6,69.97,38.51,26.49
2008-06-01,80.42,72.12,77.04,66.67,38.37,27.5
2008-05-01,82.03,71.92,77.84,64.62,36.75,29.85
2008-04-01,81.29,70.75,76.31,63.53,34.64,29.27
2008-03-01,79.74,72.47,76.32,62.3,36.41,30.08
2008-02-01,79.55,72.18,75.07,61.46,36.89,30.16
2008-01-01,80.37,72.33,76.23,59.58,34.53,29.18
2007-12-01,79.87,76.58,75.77,61.43,35.18,31.11
2007-11-01,77.58,78.07,73.9,61.61,36.39,28.37
2007-10-01,76.95,79.41,74.33,63.67,36.15,29.17
2007-09-01,78.22,77.46,73.26,65.97,34.41,30.0
2007-08-01,79.41,78.3,73.97,64.29,34.8,29.89
2007-07-01,76.92,79.27,72.68,65.12,37.89,30.25
2007-06-01,76.99,80.0,71.97,66.45,38.24,29.48
2007-05-01,78.16,80.15,75.0,67.79,45.74,29.94
2007-04-01,81.18,80.0,79.35,69.13,53.19,33.73
2007-03-01,80.0,85.95,82.42,73.64,54.84,35.21
2007-02-01,75.58,86.36,80.21,76.64,57.29,36.91
2007-01-01,74.51,85.38,76.92,78.1,49.57,39.74
2006-12-01,75.0,83.89,75.76,73.78,49.62,39.11
2006-11-01,75.21,85.29,77.14,73.33,45.39,42.07
2006-10-01,73.74,85.22,77.12,71.54,43.22,38.73
2006-09-01,74.73,83.5,75.45,69.23,40.0,39.23
2006-08-01,81.11,82.35,79.63,69.49,40.74,41.79
2006-07-01,87.18,82.52,84.78,67.21,48.35,40.74
2006-06-01,88.89,87.5,87.67,69.0,49.3,43.36
2006-05-01,92.59,83.33,87.69,68.57,57.81,46.34
2006-04-01,92.0,83.93,88.76,70.97,57.95,48.61
2006-03-01,87.78,84.13,85.19,68.31,53.64,46.99
2006-02-01,83.91,83.93,81.9,65.38,53.27,44.52
2006-01-01,78.57,82.73,79.17,67.46,47.97,47.52
2005-12-01,77.14,81.98,79.07,64.93,50.76,47.59
2005-11-01,74.36,82.73,76.09,66.15,50.0,46.21
2005-10-01,72.57,80.51,72.79,64.03,48.57,45.75
2005-09-01,74.6,80.49,73.97,64.79,46.26,44.81
2005-08-01,75.0,81.82,74.68,66.25,44.65,45.76
2005-07-01,75.57,84.25,73.97,65.63,45.21,44.07
2005-06-01,76.86,84.25,72.39,66.88,43.28,44.83
2005-05-01,81.82,85.52,75.81,65.63,40.65,43.93
2005-04-01,79.49,86.27,75.54,61.68,43.48,40.33
2005-03-01,79.21,87.84,74.8,61.96,50.4,39.2
2005-02-01,81.48,87.7,75.45,60.45,50.0,38.62
2005-01-01,82.19,87.8,74.26,61.43,52.0,38.93
2004-12-01,75.56,88.62,70.69,64.03,46.96,39.33
2004-11-01,72.09,87.2,69.09,63.04,47.71,36.42
2004-10-01,72.94,87.18,66.0,65.35,43.88,37.14
2004-09-01,71.11,85.83,66.35,65.87,41.75,41.73
2004-08-01,72.9,84.87,66.67,64.85,43.31,40.56
2004-07-01,74.34,83.87,68.18,59.04,41.35,42.08
2004-06-01,77.57,84.47,70.23,59.77,43.08,40.21
2004-05-01,77.45,85.42,67.19,60.76,39.37,41.18
2004-04-01,81.11,87.32,70.8,64.2,38.05,40.46
2004-03-01,88.04,89.29,74.11,65.03,35.4,38.07
2004-02-01,87.91,93.38,74.77,66.45,35.85,39.52
2004-01-01,90.1,95.62,76.03,72.37,42.5,39.16
2003-12-01,92.52,95.28,78.69,69.29,43.09,41.18
2003-11-01,91.74,93.18,78.99,67.83,47.54,43.4
2003-10-01,90.83,92.99,79.85,65.19,47.45,48.88
2003-09-01,89.19,93.06,76.8,66.43,48.82,48.15
2003-08-01,88.06,90.57,76.0,68.99,51.63,44.38
2003-07-01,87.5,88.89,76.64,66.24,50.36,41.01
2003-06-01,86.92,89.39,74.6,69.83,49.61,40.69
2003-05-01,88.29,90.86,75.94,72.04,48.51,41.9
2003-04-01,85.71,91.03,72.93,76.28,44.85,35.96
2003-03-01,84.35,89.62,71.74,74.86,42.55,35.75
2003-02-01,86.21,90.85,69.09,75.93,31.25,36.51
2003-01-01,82.8,90.48,66.09,78.92,24.58,35.79
2002-12-01,80.23,88.51,63.64,78.23,23.42,32.14
2002-11-01,80.25,86.47,65.05,76.3,21.15,28.95
2002-10-01,80.25,85.5,60.75,73.05,23.58,29.56
2002-09-01,81.48,84.48,57.41,70.99,25.47,31.33
2002-08-01,80.77,85.04,57.58,65.03,30.93,34.36
2002-07-01,84.15,87.5,57.73,57.69,40.21,35.59
2002-06-01,84.21,88.39,55.86,56.57,36.04,39.59
2002-05-01,83.18,89.33,49.21,57.21,33.07,40.71
2002-04-01,80.0,88.78,44.7,57.33,32.58,39.37
2002-03-01,81.67,90.59,50.37,58.45,31.11,40.57
2002-02-01,80.0,89.08,48.41,58.12,29.6,38.76
2002-01-01,78.95,88.49,46.43,62.26,24.77,40.23
2001-12-01,74.55,89.09,50.82,61.48,25.0,36.57
2001-11-01,73.2,90.32,54.72,60.0,24.27,33.33
2001-10-01,79.52,92.5,60.0,60.42,22.47,35.05
2001-09-01,77.65,88.64,58.51,57.55,26.6,30.19
2001-08-01,78.05,90.79,58.89,58.06,26.37,32.26
2001-07-01,77.22,90.14,58.62,56.98,27.27,31.4
2001-04-01,87.5,89.55,58.93,59.76,31.58,32.93
2000-10-01,74.07,75.61,53.57,55.77,30.0,38.89
2000-04-01,56.82,76.34,31.03,27.68,26.23,30.25
1999-10-01,66.67,77.14,28.79,34.83,25.0,32.29
1999-04-01,54.74,75.59,33.04,31.61,26.27,34.59
